intervalMs,submitMs,count,revision
24.95,2.134,4000000.0,27.0
61.504,47.433,4000000.0,27.0
41.651,41.62,4000000.0,27.0
44.645,44.599,4000000.0,27.0
47.645,47.603,4000000.0,27.0
45.662,45.62,4000000.0,27.0
38.329,38.296,4000000.0,27.0
38.741,38.624,4000000.0,27.0
44.546,44.369,4000000.0,27.0
27.889,24.751,4000000.0,27.0
47.36,47.343,4000000.0,27.0
38.991,38.953,4000000.0,27.0
39.494,39.466,4000000.0,27.0
37.85,37.822,4000000.0,27.0
37.331,37.3,4000000.0,27.0
36.728,36.693,4000000.0,27.0
36.899,34.057,4000000.0,27.0
37.973,37.797,4000000.0,27.0
37.807,37.782,4000000.0,27.0
36.38,36.337,4000000.0,27.0
35.46,35.427,4000000.0,27.0
33.626,33.601,4000000.0,27.0
37.052,37.006,4000000.0,27.0
36.016,32.891,4000000.0,27.0
37.116,37.092,4000000.0,27.0
35.542,35.514,4000000.0,27.0
48.145,48.114,4000000.0,27.0
42.755,42.74,4000000.0,27.0
34.504,34.484,4000000.0,27.0
37.629,37.595,4000000.0,27.0
59.215,59.101,4000000.0,27.0
3.241,0.343,4000000.0,27.0
50.56,41.469,4000000.0,27.0
36.552,36.505,4000000.0,27.0
33.936,33.902,4000000.0,27.0
34.845,34.819,4000000.0,27.0
38.087,38.028,4000000.0,27.0
34.406,34.34,4000000.0,27.0
33.664,33.634,4000000.0,27.0
36.565,36.547,4000000.0,27.0
35.077,31.7,4000000.0,27.0
34.833,34.809,4000000.0,27.0
36.872,36.805,4000000.0,27.0
35.735,35.711,4000000.0,27.0
34.065,34.02,4000000.0,27.0
36.597,36.54,4000000.0,27.0
35.609,35.585,4000000.0,27.0
36.65,36.628,4000000.0,27.0
36.834,36.808,4000000.0,27.0
36.819,34.01,4000000.0,27.0
36.868,36.838,4000000.0,27.0
36.197,36.167,4000000.0,27.0
36.538,36.499,4000000.0,27.0
34.546,34.515,4000000.0,27.0
39.001,38.972,4000000.0,27.0
36.973,36.943,4000000.0,27.0
35.38,35.345,4000000.0,27.0
38.033,36.238,4000000.0,27.0
40.87,40.799,4000000.0,27.0
40.072,40.044,4000000.0,27.0
38.039,38.015,4000000.0,27.0
43.923,43.883,4000000.0,27.0
41.731,41.703,4000000.0,27.0
42.38,42.353,4000000.0,27.0
42.532,39.423,4000000.0,27.0
39.278,39.252,4000000.0,27.0
37.578,37.554,4000000.0,27.0
44.163,44.138,4000000.0,27.0
36.704,36.626,4000000.0,27.0
44.133,44.098,4000000.0,27.0
37.266,37.226,4000000.0,27.0
40.89,36.91,4000000.0,27.0
40.985,40.962,4000000.0,27.0
49.61,49.545,4000000.0,27.0
42.344,42.302,4000000.0,27.0
41.602,41.427,4000000.0,27.0
47.793,47.762,4000000.0,27.0
45.325,45.304,4000000.0,27.0
43.453,37.798,4000000.0,27.0
48.82,48.8,4000000.0,27.0
29.056,29.004,4000000.0,27.0
52.745,52.694,4000000.0,27.0
43.363,43.305,4000000.0,27.0
40.258,40.216,4000000.0,27.0
46.641,46.622,4000000.0,27.0
37.25,37.149,4000000.0,27.0
37.441,32.36,4000000.0,27.0
38.026,37.993,4000000.0,27.0
43.867,43.839,4000000.0,27.0
38.998,38.972,4000000.0,27.0
39.947,39.918,4000000.0,27.0
39.406,39.311,4000000.0,27.0
40.807,40.714,4000000.0,27.0
52.444,52.363,4000000.0,27.0
17.713,13.922,4000000.0,27.0
40.573,40.546,4000000.0,27.0
38.06,37.958,4000000.0,27.0
35.168,35.101,4000000.0,27.0
34.396,34.289,4000000.0,27.0
35.481,35.43,4000000.0,27.0
36.995,36.922,4000000.0,27.0
35.319,35.214,4000000.0,27.0
44.902,44.875,4000000.0,27.0
26.203,22.244,4000000.0,27.0
34.638,34.588,4000000.0,27.0
49.705,49.623,4000000.0,27.0
32.456,32.421,4000000.0,27.0
26.858,26.778,4000000.0,27.0
44.173,44.112,4000000.0,27.0
21.809,21.763,4000000.0,27.0
36.303,36.246,4000000.0,27.0
47.778,47.737,4000000.0,27.0
19.862,14.271,4000000.0,27.0
37.864,37.788,4000000.0,27.0
36.275,36.213,4000000.0,27.0
34.491,34.454,4000000.0,27.0
33.255,32.998,4000000.0,27.0
36.725,36.651,4000000.0,27.0
37.145,37.014,4000000.0,27.0
35.21,35.105,4000000.0,27.0
35.317,35.249,4000000.0,27.0
45.348,45.271,4000000.0,27.0
27.251,23.496,4000000.0,27.0
37.24,37.214,4000000.0,27.0
43.831,43.76,4000000.0,27.0
44.425,44.322,4000000.0,27.0
24.462,24.411,4000000.0,27.0
51.644,51.577,4000000.0,27.0
39.054,38.96,4000000.0,27.0
39.466,39.37,4000000.0,27.0
41.583,41.547,4000000.0,27.0
41.139,37.992,4000000.0,27.0
48.086,48.029,4000000.0,27.0
25.605,25.528,4000000.0,27.0
48.863,48.797,4000000.0,27.0
43.777,43.708,4000000.0,27.0
39.032,38.943,4000000.0,27.0
36.782,36.69,4000000.0,27.0
47.188,47.145,4000000.0,27.0
19.228,17.198,4000000.0,27.0
55.122,55.065,4000000.0,27.0
37.71,37.612,4000000.0,27.0
36.215,36.151,4000000.0,27.0
45.533,45.437,4000000.0,27.0
37.771,37.679,4000000.0,27.0
38.429,38.367,4000000.0,27.0
37.699,37.614,4000000.0,27.0
50.186,50.16,4000000.0,27.0
49.266,49.169,4000000.0,27.0
14.32,12.897,4000000.0,27.0
53.472,48.506,4000000.0,27.0
37.6,37.533,4000000.0,27.0
36.585,36.495,4000000.0,27.0
35.957,35.855,4000000.0,27.0
36.799,36.72,4000000.0,27.0
37.316,37.26,4000000.0,27.0
57.178,57.079,4000000.0,27.0
11.002,8.495,4000000.0,27.0
50.613,48.873,4000000.0,27.0
36.218,36.119,4000000.0,27.0
38.024,37.93,4000000.0,27.0
35.175,35.102,4000000.0,27.0
36.219,36.176,4000000.0,27.0
36.782,36.705,4000000.0,27.0
33.243,33.135,4000000.0,27.0
37.208,37.133,4000000.0,27.0
35.463,35.426,4000000.0,27.0
35.68,33.716,4000000.0,27.0
35.929,35.825,4000000.0,27.0
35.149,35.073,4000000.0,27.0
36.1,36.013,4000000.0,27.0
35.55,35.488,4000000.0,27.0
34.794,34.762,4000000.0,27.0
37.826,37.753,4000000.0,27.0
35.761,35.65,4000000.0,27.0
36.536,36.444,4000000.0,27.0
53.43,53.321,4000000.0,27.0
14.001,6.56,4000000.0,27.0
46.067,46.014,4000000.0,27.0
37.061,36.964,4000000.0,27.0
35.908,35.816,4000000.0,27.0
45.552,45.467,4000000.0,27.0
28.051,27.984,4000000.0,27.0
34.648,34.585,4000000.0,27.0
36.041,35.941,4000000.0,27.0
50.905,50.785,4000000.0,27.0
19.85,17.683,4000000.0,27.0
41.703,41.643,4000000.0,27.0
37.604,37.52,4000000.0,27.0
68.943,68.869,4000000.0,27.0
15.874,15.784,4000000.0,27.0
42.241,42.154,4000000.0,27.0
40.433,40.265,4000000.0,27.0
58.86,58.758,4000000.0,27.0
10.232,1.299,4000000.0,27.0
55.409,54.363,4000000.0,27.0
45.592,45.492,4000000.0,27.0
39.902,39.769,4000000.0,27.0
43.471,43.383,4000000.0,27.0
39.093,39.03,4000000.0,27.0
38.838,38.769,4000000.0,27.0
43.853,43.755,4000000.0,27.0
38.569,38.545,4000000.0,27.0
43.411,42.182,4000000.0,27.0
40.197,40.102,4000000.0,27.0
41.793,41.693,4000000.0,27.0
37.132,37.032,4000000.0,27.0
42.631,42.532,4000000.0,27.0
45.805,45.708,4000000.0,27.0
42.88,42.827,4000000.0,27.0
42.008,40.845,4000000.0,27.0
45.813,45.765,4000000.0,27.0
40.22,40.193,4000000.0,27.0
43.266,43.226,4000000.0,27.0
46.35,46.112,4000000.0,27.0
58.555,58.506,4000000.0,27.0
18.259,18.166,4000000.0,27.0
51.117,51.03,4000000.0,27.0
47.692,47.589,4000000.0,27.0
29.597,25.648,4000000.0,27.0
43.568,43.537,4000000.0,27.0
37.446,37.358,4000000.0,27.0
34.888,34.847,4000000.0,27.0
36.333,36.282,4000000.0,27.0
37.22,37.167,4000000.0,27.0
37.422,37.343,4000000.0,27.0
35.676,35.564,4000000.0,27.0
48.496,48.398,4000000.0,27.0
20.856,16.008,4000000.0,27.0
40.724,40.697,4000000.0,27.0
34.455,34.385,4000000.0,27.0
36.188,36.139,4000000.0,27.0
35.787,35.712,4000000.0,27.0
33.39,32.958,4000000.0,27.0
37.742,37.672,4000000.0,27.0
35.351,35.239,4000000.0,27.0
39.844,39.764,4000000.0,27.0
28.434,24.849,4000000.0,27.0
34.117,34.072,4000000.0,27.0
37.202,37.144,4000000.0,27.0
34.946,34.827,4000000.0,27.0
34.844,34.743,4000000.0,27.0
34.813,34.765,4000000.0,27.0
33.11,33.055,4000000.0,27.0
34.286,34.248,4000000.0,27.0
36.525,36.454,4000000.0,27.0
32.594,32.551,4000000.0,27.0
63.377,63.27,4000000.0,27.0
5.751,0.653,4000000.0,27.0
48.488,39.938,4000000.0,27.0
34.335,34.271,4000000.0,27.0
36.604,36.498,4000000.0,27.0
35.22,35.144,4000000.0,27.0
34.296,34.206,4000000.0,27.0
34.961,34.739,4000000.0,27.0
36.635,36.594,4000000.0,27.0
36.476,36.383,4000000.0,27.0
56.576,56.458,4000000.0,27.0
11.178,7.678,4000000.0,27.0
62.866,62.81,4000000.0,27.0
33.134,33.017,4000000.0,27.0
45.4,45.347,4000000.0,27.0
20.504,20.422,4000000.0,27.0
47.633,47.524,4000000.0,27.0
59.29,59.219,4000000.0,27.0
51.614,51.545,4000000.0,27.0
3.287,0.566,4000000.0,27.0
65.728,46.014,4000000.0,27.0
40.073,40.024,4000000.0,27.0
41.006,40.922,4000000.0,27.0
41.037,40.937,4000000.0,27.0
39.293,39.21,4000000.0,27.0
38.671,38.629,4000000.0,27.0
37.31,37.223,4000000.0,27.0
46.944,46.881,4000000.0,27.0
24.344,22.176,4000000.0,27.0
46.629,46.57,4000000.0,27.0
43.282,43.203,4000000.0,27.0
36.823,36.695,4000000.0,27.0
38.536,38.435,4000000.0,27.0
41.44,41.334,4000000.0,27.0
36.705,36.605,4000000.0,27.0
37.469,37.381,4000000.0,27.0
41.627,41.587,4000000.0,27.0
59.731,59.641,4000000.0,27.0
7.943,1.038,4000000.0,27.0
58.765,47.211,4000000.0,27.0
36.433,36.366,4000000.0,27.0
36.975,36.928,4000000.0,27.0
36.313,36.231,4000000.0,27.0
35.791,35.75,4000000.0,27.0
36.836,36.731,4000000.0,27.0
36.245,36.147,4000000.0,27.0
58.634,58.539,4000000.0,27.0
4.999,2.804,4000000.0,27.0
52.368,30.176,4000000.0,27.0
34.927,34.826,4000000.0,27.0
35.004,34.91,4000000.0,27.0
35.732,35.685,4000000.0,27.0
34.401,34.371,4000000.0,27.0
36.485,36.41,4000000.0,27.0
35.791,35.753,4000000.0,27.0
49.131,49.039,4000000.0,27.0
18.92,17.871,4000000.0,27.0
40.477,35.37,4000000.0,27.0
37.061,36.937,4000000.0,27.0
47.264,47.165,4000000.0,27.0
24.355,24.18,4000000.0,27.0
49.192,49.09,4000000.0,27.0
20.487,20.448,4000000.0,27.0
40.973,40.917,4000000.0,27.0
49.021,48.928,4000000.0,27.0
55.472,55.423,4000000.0,27.0
3.349,1.021,4000000.0,27.0
51.851,43.753,4000000.0,27.0
33.89,33.817,4000000.0,27.0
36.823,36.729,4000000.0,27.0
35.852,35.748,4000000.0,27.0
36.904,36.807,4000000.0,27.0
36.73,36.647,4000000.0,27.0
36.025,35.968,4000000.0,27.0
50.428,50.36,4000000.0,27.0
20.358,18.805,4000000.0,27.0
40.52,40.462,4000000.0,27.0
38.623,38.523,4000000.0,27.0
35.747,35.665,4000000.0,27.0
39.011,38.94,4000000.0,27.0
38.077,38.032,4000000.0,27.0
37.772,37.703,4000000.0,27.0
35.924,35.85,4000000.0,27.0
50.888,50.805,4000000.0,27.0
26.853,22.294,4000000.0,27.0
46.598,46.548,4000000.0,27.0
42.574,42.478,4000000.0,27.0
40.389,40.317,4000000.0,27.0
38.124,38.021,4000000.0,27.0
46.372,46.308,4000000.0,27.0
40.667,40.574,4000000.0,27.0
39.522,39.42,4000000.0,27.0
54.564,54.487,4000000.0,27.0
81.471,81.438,4000000.0,27.0
2.475,0.784,4000000.0,27.0
65.078,63.962,4000000.0,27.0
41.997,41.925,4000000.0,27.0
41.786,41.671,4000000.0,27.0
47.267,47.163,4000000.0,27.0
43.142,43.07,4000000.0,27.0
58.503,58.392,4000000.0,27.0
18.377,15.033,4000000.0,27.0
58.36,58.316,4000000.0,27.0
46.187,46.09,4000000.0,27.0
44.872,44.785,4000000.0,27.0
41.413,41.35,4000000.0,27.0
38.125,38.068,4000000.0,27.0
35.819,35.746,4000000.0,27.0
38.933,38.83,4000000.0,27.0
50.263,50.222,4000000.0,27.0
15.59,12.821,4000000.0,27.0
47.124,40.424,4000000.0,27.0
33.421,33.353,4000000.0,27.0
45.217,45.148,4000000.0,27.0
27.518,27.444,4000000.0,27.0
38.839,38.747,4000000.0,27.0
34.369,34.32,4000000.0,27.0
49.767,49.702,4000000.0,27.0
56.057,56.022,4000000.0,27.0
3.172,0.894,4000000.0,27.0
51.674,35.686,4000000.0,27.0
37.906,37.833,4000000.0,27.0
35.009,34.943,4000000.0,27.0
32.066,32.014,4000000.0,27.0
37.405,37.348,4000000.0,27.0
35.237,35.171,4000000.0,27.0
32.306,32.23,4000000.0,27.0
34.182,34.094,4000000.0,27.0
50.711,50.623,4000000.0,27.0
16.08,12.734,4000000.0,27.0
40.671,37.36,4000000.0,27.0
35.601,35.554,4000000.0,27.0
34.617,34.527,4000000.0,27.0
32.292,32.194,4000000.0,27.0
37.508,37.435,4000000.0,27.0
34.488,34.436,4000000.0,27.0
43.965,43.892,4000000.0,27.0
26.262,26.171,4000000.0,27.0
50.992,50.94,4000000.0,27.0
13.676,10.828,4000000.0,27.0
42.587,32.14,4000000.0,27.0
34.481,34.372,4000000.0,27.0
35.49,35.384,4000000.0,27.0
37.172,37.086,4000000.0,27.0
36.046,35.962,4000000.0,27.0
35.407,35.318,4000000.0,27.0
38.022,37.971,4000000.0,27.0
39.536,39.467,4000000.0,27.0
49.376,49.318,4000000.0,27.0
15.42,13.033,4000000.0,27.0
56.149,56.103,4000000.0,27.0
37.642,37.534,4000000.0,27.0
34.826,34.725,4000000.0,27.0
45.625,45.574,4000000.0,27.0
39.503,39.402,4000000.0,27.0
40.81,40.736,4000000.0,27.0
40.763,40.668,4000000.0,27.0
50.953,50.908,4000000.0,27.0
13.195,7.917,4000000.0,27.0
57.862,57.0,4000000.0,27.0
42.148,42.01,4000000.0,27.0
39.264,39.211,4000000.0,27.0
37.92,37.853,4000000.0,27.0
36.847,36.552,4000000.0,27.0
35.822,35.73,4000000.0,27.0
41.175,41.083,4000000.0,27.0
41.135,41.08,4000000.0,27.0
79.327,79.231,4000000.0,27.0
4.491,0.909,4000000.0,27.0
67.444,64.266,4000000.0,27.0
42.135,42.071,4000000.0,27.0
38.053,38.005,4000000.0,27.0
39.356,39.261,4000000.0,27.0
41.643,41.584,4000000.0,27.0
35.583,35.476,4000000.0,27.0
36.28,36.18,4000000.0,27.0
37.298,36.219,4000000.0,27.0
35.823,35.732,4000000.0,27.0
38.632,38.586,4000000.0,27.0
36.283,36.173,4000000.0,27.0
35.771,35.692,4000000.0,27.0
37.294,37.225,4000000.0,27.0
37.222,37.157,4000000.0,27.0
36.858,36.762,4000000.0,27.0
50.22,50.127,4000000.0,27.0
19.319,18.125,4000000.0,27.0
42.877,42.837,4000000.0,27.0
35.064,35.004,4000000.0,27.0
36.535,36.462,4000000.0,27.0
36.355,36.267,4000000.0,27.0
36.48,36.407,4000000.0,27.0
33.983,33.891,4000000.0,27.0
37.108,37.058,4000000.0,27.0
36.344,36.239,4000000.0,27.0
53.471,53.4,4000000.0,27.0
14.998,13.0,4000000.0,27.0
43.163,43.127,4000000.0,27.0
37.257,37.163,4000000.0,27.0
35.869,35.807,4000000.0,27.0
35.993,35.902,4000000.0,27.0
35.747,35.677,4000000.0,27.0
34.462,34.419,4000000.0,27.0
37.929,37.83,4000000.0,27.0
36.966,36.899,4000000.0,27.0
35.5,35.406,4000000.0,27.0
36.275,34.153,4000000.0,27.0
35.527,35.443,4000000.0,27.0
36.934,36.829,4000000.0,27.0
35.961,35.847,4000000.0,27.0
34.27,34.165,4000000.0,27.0
38.056,37.962,4000000.0,27.0
34.399,34.311,4000000.0,27.0
38.29,38.198,4000000.0,27.0
37.167,37.054,4000000.0,27.0
54.336,54.225,4000000.0,27.0
11.557,8.991,4000000.0,27.0
50.617,50.562,4000000.0,27.0
47.565,47.506,4000000.0,27.0
32.077,31.969,4000000.0,27.0
47.396,47.309,4000000.0,27.0
30.393,30.299,4000000.0,27.0
45.332,45.269,4000000.0,27.0
48.322,48.277,4000000.0,27.0
77.084,77.05,4000000.0,27.0
1.381,0.355,4000000.0,27.0
74.846,60.584,4000000.0,27.0
44.643,44.552,4000000.0,27.0
41.452,41.364,4000000.0,27.0
37.694,37.596,4000000.0,27.0
41.19,41.093,4000000.0,27.0
48.44,48.322,4000000.0,27.0
40.224,36.367,4000000.0,27.0
40.015,39.943,4000000.0,27.0
46.694,46.63,4000000.0,27.0
43.86,43.792,4000000.0,27.0
43.743,43.581,4000000.0,27.0
45.628,45.514,4000000.0,27.0
44.725,44.694,4000000.0,27.0
57.317,57.213,4000000.0,27.0
9.921,8.638,4000000.0,27.0
64.303,64.282,4000000.0,27.0
41.215,41.158,4000000.0,27.0
41.58,41.538,4000000.0,27.0
39.847,39.743,4000000.0,27.0
46.863,46.784,4000000.0,27.0
31.657,31.573,4000000.0,27.0
49.116,49.077,4000000.0,27.0
59.292,59.247,4000000.0,27.0
6.283,1.069,4000000.0,27.0
53.505,45.921,4000000.0,27.0
35.597,35.537,4000000.0,27.0
36.548,36.458,4000000.0,27.0
34.614,34.513,4000000.0,27.0
36.016,35.923,4000000.0,27.0
36.437,36.352,4000000.0,27.0
33.409,33.314,4000000.0,27.0
38.386,38.341,4000000.0,27.0
52.411,52.303,4000000.0,27.0
12.301,7.622,4000000.0,27.0
46.954,35.181,4000000.0,27.0
35.654,35.582,4000000.0,27.0
35.006,34.889,4000000.0,27.0
35.371,35.285,4000000.0,27.0
32.025,31.937,4000000.0,27.0
34.453,34.359,4000000.0,27.0
34.64,34.548,4000000.0,27.0
38.056,38.014,4000000.0,27.0
35.254,32.126,4000000.0,27.0
34.784,34.686,4000000.0,27.0
35.47,35.361,4000000.0,27.0
31.617,31.528,4000000.0,27.0
